{
  "delta_b_visible": [
    0,
    0,
    0
  ],
  "instanton_action": 2.0369040025655094,
  "instanton_couplings": {
    "12": {
      "alpha_inv": 3.8902000873436102,
      "g": 1.7972933291311588
    },
    "4": {
      "alpha_inv": 1.29673336244787,
      "g": 3.1130033621597795
    },
    "8": {
      "alpha_inv": 2.59346672489574,
      "g": 2.201225787239702
    }
  },
  "k_tr_inverse_check": 3.8459253727671276e-16,
  "k_tr_symmetric_error": 0.0,
  "messenger_contact_error": 1.2018516789897274e-17,
  "one_loop_lambda_factor": 0.000825969676394408,
  "phase_error": 4.147531129616855e-05,
  "phi": 0.600038020318215,
  "rho": 0.13043190325293763,
  "sqrt_zeta": [
    0.34502115743308964,
    0.10673473744038917
  ],
  "sqrt_zeta_abs": 0.3611535729477664,
  "sqrt_zeta_squared_error": 1.3877787807814457e-17,
  "theta_178": 0.6000794956295111,
  "z178_order": 178,
  "z178_power": 17,
  "zeta": [
    0.1076472949,
    0.0736514853
  ],
  "zeta_178": [
    0.1076442400891331,
    0.0736559499417172
  ],
  "zeta_178_error": 5.409703789992232e-06
}
