{
  "crossed_projector": {
    "field_only_unbroken_spin10_projector_possible": false,
    "future_margin_1e35": 16681174042.182354,
    "kappa": 30.0,
    "ps_eft_or_constrained_projector_possible": true
  },
  "gates": {
    "dterm_unitary_lock": true,
    "endpoint_vectorlike_safe": true,
    "future_1e35_d5_margin": true,
    "hidden_radial_lock": true,
    "loose_mass": true,
    "post_spin10_source_symmetry": true,
    "seesaw_residual": true,
    "strict_ckm": true
  },
  "recomputed_observables": {
    "CKM_abs": [
      [
        0.9719917689087001,
        0.23498621833940433,
        0.0036712891853226868
      ],
      [
        0.23478577232630224,
        0.9710990116853022,
        0.04292261195421018
      ],
      [
        0.010375080090220447,
        0.041811322561902835,
        0.9990716545967795
      ]
    ],
    "CKM_observables": {
      "J": 3.579814638979386e-05,
      "J_signed": 3.579814638979386e-05,
      "Vcb": 0.04292261195421018,
      "Vub": 0.0036712891853226868,
      "Vus": 0.23498621833940433
    },
    "mass_ratios": {
      "charged_lepton": {
        "mid": 0.031975129803065855,
        "small": 0.00030095849147382896
      },
      "down": {
        "mid": 0.035949254181713464,
        "small": 0.0010275272408099354
      },
      "neutrino_dirac": {
        "mid": 0.1658233822966218,
        "small": 0.009711969061043156
      },
      "up": {
        "mid": 0.007866405533760145,
        "small": 1.0007267445499562e-05
      }
    },
    "scores": {
      "ckm_score": 0.0007634718530717266,
      "jarlskog_score": 0.003957755805303102,
      "mass_score": 0.1490597202116622
    },
    "seesaw_replay": {
      "MR_condition_number": 164949.2734578605,
      "Y_e_singular_values_normalized": [
        0.00031704623113752543,
        0.03368436073875241,
        1.053455011636033
      ],
      "heavy_neutrino_masses_GeV": [
        23804475921.995663,
        32203796829930.51,
        3926531008378318.5
      ],
      "seesaw_matrix_residual": 5.173995991914203e-12,
      "theta_norm": 4.358633806693988e-11
    }
  },
  "selected_row": {
    "Yukawa_fit": {
      "charged_lepton": [
        [
          {
            "im": -0.06640255861710122,
            "re": 0.5545541905960267
          },
          {
            "im": -0.37344402331012566,
            "re": 0.29789728771928836
          },
          {
            "im": -0.20955968582330667,
            "re": -0.035753519198822255
          }
        ],
        [
          {
            "im": -0.3795772776581587,
            "re": 0.29768944895801225
          },
          {
            "im": -0.4157665700137974,
            "re": -0.06670948539138323
          },
          {
            "im": -0.08540530494301551,
            "re": -0.15888232506854455
          }
        ],
        [
          {
            "im": -0.20667121907953448,
            "re": -0.030313433582161254
          },
          {
            "im": -0.08738461613261228,
            "re": -0.162891631887314
          },
          {
            "im": 0.04067346292012446,
            "re": -0.059684032397909856
          }
        ]
      ],
      "down": [
        [
          {
            "im": -0.037804043805616874,
            "re": 0.5604441549065224
          },
          {
            "im": -0.35969615639977565,
            "re": 0.3409964322626757
          },
          {
            "im": -0.20692271074919422,
            "re": -0.008012275452038331
          }
        ],
        [
          {
            "im": -0.36273407423448467,
            "re": 0.33529759539610393
          },
          {
            "im": -0.41506904795953925,
            "re": -0.011170590117478008
          },
          {
            "im": -0.11400957424707524,
            "re": -0.1068034195076613
          }
        ],
        [
          {
            "im": -0.21011224305819617,
            "re": -0.0027350960056342554
          },
          {
            "im": -0.11169813834363518,
            "re": -0.1106933356525934
          },
          {
            "im": -0.019430735838469246,
            "re": -0.04828202020423398
          }
        ]
      ],
      "neutrino_dirac": [
        [
          {
            "im": 0.02607475297982268,
            "re": 0.502798236223418
          },
          {
            "im": -0.22278223658285998,
            "re": 0.35803236027090524
          },
          {
            "im": -0.17573756824039524,
            "re": 0.007560976800230067
          }
        ],
        [
          {
            "im": -0.28748016624135364,
            "re": 0.3615730852578729
          },
          {
            "im": -0.313277455416425,
            "re": 0.06499318866736713
          },
          {
            "im": -0.04880045953672425,
            "re": 0.01636783307707439
          }
        ],
        [
          {
            "im": -0.14138139303661132,
            "re": 0.05999289681011814
          },
          {
            "im": -0.07369450267250933,
            "re": -0.02182162260360875
          },
          {
            "im": -0.06828209843504121,
            "re": 0.059321706569201424
          }
        ]
      ],
      "up": [
        [
          {
            "im": -0.03666078309885305,
            "re": 0.5515144414922561
          },
          {
            "im": -0.3640802024318921,
            "re": 0.31978990186403056
          },
          {
            "im": -0.21601465913079007,
            "re": -0.017009981647578658
          }
        ],
        [
          {
            "im": -0.36712855420286306,
            "re": 0.3203859586009622
          },
          {
            "im": -0.4293398042535831,
            "re": -0.03174885078626578
          },
          {
            "im": -0.12152173398760549,
            "re": -0.14884052589964714
          }
        ],
        [
          {
            "im": -0.2140586634354608,
            "re": -0.014895038446416908
          },
          {
            "im": -0.12302067949568313,
            "re": -0.15036925314033772
          },
          {
            "im": 0.014398664282501684,
            "re": -0.08510350573241152
          }
        ]
      ]
    },
    "doublet_deformation": {
      "active_bound_fraction": 0.0,
      "delta_l2": 0.1927521877896542,
      "delta_linf": 0.12798411137827947,
      "relative_to_seed_var_l2": 0.04994976637622676
    },
    "label": "all10_radius_0p30_ckmheavy_1",
    "mixing_coefficients": {
      "a_d": {
        "im": -0.20184616520485701,
        "re": 0.10244462816708523
      },
      "a_e": {
        "im": -0.012105570014810893,
        "re": 0.22059508002013423
      },
      "a_nu": {
        "im": -0.025890302653372863,
        "re": 2.3785365258139457
      },
      "a_u": {
        "im": 0.015005573806187989,
        "re": 0.11027096947072215
      },
      "b_d": {
        "im": -0.0022976673772493903,
        "re": 0.023326644242809044
      },
      "b_e": {
        "im": -0.06153531948640589,
        "re": 0.011367451060290794
      },
      "b_nu": {
        "im": -0.06273924797242154,
        "re": 0.015781273500549652
      },
      "b_u": {
        "im": 0.036138359414390926,
        "re": 0.00545396904390641
      },
      "r_d": {
        "im": -0.042975074053476656,
        "re": 1.0380797511517397
      },
      "r_u": {
        "im": -2.0703046481184875,
        "re": -1.9240178059382291
      }
    },
    "mode": "all10_radius_0p30_ckmheavy"
  },
  "source_and_link_status": {
    "dterm_unitary_link": {
      "Dflat_fixed_block_moduli_real_dimension": 9,
      "Dterm_removes_nonunitary_holomorphic_moduli": true,
      "all_finite_unitary_completions_lock_singular_values": true,